{
  "ETTh1": {
    "96": {
      "mse": 0.441076,
      "mae": 0.44911
    }
  }
}