{
  "ETTh1": {
    "96": {
      "mse": 0.486317,
      "mae": 0.474043
    },
    "192": {
      "mse": 0.529719,
      "mae": 0.501047
    }
  }
}