{
  "ETTh1": {
    "96": {
      "mse": 0.4348958432674408,
      "mae": 0.4454687237739563
    }
  }
}